"","min","max","mean","sd"
"X1",0,0,0,0
"X2",15.9999999994483,15.9999999994483,15.9999999994483,NA
"X3",16.4999999994107,16.4999999994107,16.4999999994107,NA
"X4",16.2499999993229,16.2499999993229,16.2499999993229,NA
"X5",14.8888888880617,14.8888888880617,14.8888888880617,NA
"X6",15.7058823520173,15.7058823520173,15.7058823520173,NA
"X7",16.8666666655422,16.8666666655422,16.8666666655422,NA
"X8",18.6153846139527,18.6153846139527,18.6153846139527,NA
"X9",19.363636361876,19.363636361876,19.363636361876,NA
"X10",20.29999999797,20.29999999797,20.29999999797,NA
"X11",20.29999999797,20.29999999797,20.29999999797,NA
